nacho,1234,nacho@gmail.com
pedro,abcde,pedro@gmail.com
dwight,asd,dwight@gmail.com
michael,pppp,michael@gmail.com
david,999,david@gmail.com
peter,999,peter@gmail.com
matias,111,matias@gmail.com